{"cameraMode":{"drawMode":0,"name":"Shaded","section":"Shading Mode"},"sceneLighting":false,"audioPlay":false,"sceneViewState":{"m_AlwaysRefresh":false,"showFog":true,"showSkybox":false,"showFlares":true,"showImageEffects":true,"showParticleSystems":true,"showVisualEffectGraphs":true,"m_FxEnabled":true},"in2DMode":false,"pivot":{"x":0.16555196046829225,"y":0.31671738624572756,"z":0.3396773338317871},"rotation":{"x":-0.25308191776275637,"y":-0.2551921606063843,"z":0.06949275732040405,"w":-0.9307770133018494},"size":0.9409555792808533,"orthographic":false}