{"cameraMode":{"drawMode":0,"name":"Shaded","section":"Shading Mode"},"sceneLighting":false,"audioPlay":false,"sceneViewState":{"m_AlwaysRefresh":false,"showFog":true,"showSkybox":false,"showFlares":true,"showImageEffects":true,"showParticleSystems":true,"showVisualEffectGraphs":true,"m_FxEnabled":true},"in2DMode":false,"pivot":{"x":-0.0068770647048950199,"y":0.11735886335372925,"z":0.3599385619163513},"rotation":{"x":-0.18533799052238465,"y":0.5122931599617004,"z":-0.1140797883272171,"w":-0.8311887383460999},"size":2.0650651454925539,"orthographic":false}