{"cameraMode":{"drawMode":0,"name":"Shaded","section":"Shading Mode"},"sceneLighting":false,"audioPlay":false,"sceneViewState":{"m_AlwaysRefresh":false,"showFog":true,"showSkybox":true,"showFlares":true,"showImageEffects":true,"showParticleSystems":true,"showVisualEffectGraphs":true,"m_FxEnabled":true},"in2DMode":false,"pivot":{"x":-1.7666422128677369,"y":9.047018051147461,"z":-20.06460952758789},"rotation":{"x":-0.18910133838653565,"y":-0.0064595225267112259,"z":0.0011395913315936924,"w":-0.9821385145187378},"size":3.799342155456543,"orthographic":false}