{"cameraMode":{"drawMode":0,"name":"Shaded","section":"Shading Mode"},"sceneLighting":false,"audioPlay":false,"sceneViewState":{"m_AlwaysRefresh":false,"showFog":true,"showSkybox":false,"showFlares":true,"showImageEffects":true,"showParticleSystems":true,"showVisualEffectGraphs":true,"m_FxEnabled":true},"in2DMode":false,"pivot":{"x":0.7513790130615234,"y":0.40923094749450686,"z":0.15679597854614259},"rotation":{"x":-0.060276299715042117,"y":0.027266988530755044,"z":-0.001549992710351944,"w":-0.9981415867805481},"size":2.3232569694519045,"orthographic":false}