{"cameraMode":{"drawMode":0,"name":"Shaded","section":"Shading Mode"},"sceneLighting":false,"audioPlay":false,"sceneViewState":{"m_AlwaysRefresh":false,"showFog":true,"showSkybox":false,"showFlares":true,"showImageEffects":true,"showParticleSystems":true,"showVisualEffectGraphs":true,"m_FxEnabled":true},"in2DMode":false,"pivot":{"x":-0.09372353553771973,"y":0.21579647064208985,"z":0.7216582894325256},"rotation":{"x":-0.25651076436042788,"y":0.4012454152107239,"z":-0.11802376806735993,"w":-0.8715229034423828},"size":0.8713221549987793,"orthographic":false}